{"cameraMode":{"drawMode":0,"name":"Shaded","section":"Shading Mode"},"sceneLighting":true,"audioPlay":false,"sceneViewState":{"showFog":true,"showMaterialUpdate":false,"showSkybox":true,"showFlares":true,"showImageEffects":true,"showParticleSystems":true,"showVisualEffectGraphs":true,"m_FxEnabled":true},"in2DMode":false,"pivot":{"x":1.1041593551635743,"y":-13.955120086669922,"z":-240.7515411376953},"rotation":{"x":-0.00006028024654369801,"y":-0.9992357492446899,"z":0.040800806134939197,"w":-0.000970002671238035},"size":122.34608459472656,"orthographic":false}